,SVD model_eval,KNN model_eval
RMSE,0.8807462819979623,0.9822558142846856
MAE,0.6765729095860605,0.7558972904135215
Training Time (s),1.139089584350586,0.36459779739379883
Training CPU (%),5.5,15.6
Training Memory (MB),-0.9000000000000057,-0.29999999999999716
Inference Time (s),0.3653452396392822,0.5779645442962646
Throughput (rec/sec),34.428107190553234,18.61176254461241
Disk Size (MB),9.556036949157715,5.044930458068848
Memory Usage (MB),0.0,0.0
