,SVD model_eval,KNN model_eval
RMSE,0.8807462819979623,0.9822558142846856
MAE,0.6765729095860605,0.7558972904135215
Training Time (s),1.1312010288238525,0.4849693775177002
Training CPU (%),-3.8999999999999986,-21.8
Training Memory (MB),0.10000000000000142,-0.10000000000000142
Inference Time (s),0.33868408203125,0.6219613552093506
Throughput (rec/sec),28.36946898015972,16.734809991481587
Disk Size (MB),9.556036949157715,5.044930458068848
Memory Usage (MB),0.0,0.0
