,SVD model_eval,KNN model_eval
RMSE,0.8807462819979623,0.9822558142846856
MAE,0.6765729095860605,0.7558972904135215
Training Time (s),1.221134901046753,0.43866801261901855
Training CPU (%),7.600000000000001,22.7
Training Memory (MB),0.19999999999998863,-0.09999999999999432
Inference Time (s),0.3098490238189697,0.8268325328826904
Throughput (rec/sec),20.04359189158321,7.198979514775203
Disk Size (MB),9.556036949157715,5.044930458068848
Memory Usage (MB),0.0,0.0
