Metric,Value
Average Precision@k,0.5591397849462365
Average Recall@k,0.5591397849462365
Average NDCG@k,0.9994272661172694
