Metric,Value
Average Precision@k,0.6263736263736264
Average Recall@k,0.6263736263736264
Average NDCG@k,0.9997359591074579
